date,volume,open,close,high,low,adjclose
2019-02-15,33400,22.399999618530273,22.386999130249023,22.399999618530273,22.288000106811523,22.386999130249023
2019-02-14,33000,22.0,22.11199951171875,22.149999618530273,22.0,22.11199951171875
2019-02-13,39000,22.1200008392334,22.04800033569336,22.131999969482422,22.04800033569336,22.04800033569336
2019-02-12,23800,21.989999771118164,22.05699920654297,22.079999923706055,21.989999771118164,22.05699920654297
2019-02-11,42800,21.860000610351562,21.81999969482422,21.860000610351562,21.81999969482422,21.81999969482422
2019-02-08,66300,21.850000381469727,21.908000946044922,21.90999984741211,21.84000015258789,21.908000946044922
2019-02-07,34900,22.010000228881836,21.993999481201172,22.100000381469727,21.940000534057617,21.993999481201172
2019-02-06,13900,22.25,22.219999313354492,22.299999237060547,22.200000762939453,22.219999313354492
2019-02-05,62100,22.239999771118164,22.326000213623047,22.33099937438965,22.19499969482422,22.326000213623047
2019-02-04,60000,22.059999465942383,22.170000076293945,22.170000076293945,22.059999465942383,22.170000076293945
2019-02-01,25100,22.110000610351562,22.141000747680664,22.18000030517578,22.110000610351562,22.141000747680664
2019-01-31,32800,22.079999923706055,22.1200008392334,22.149999618530273,22.079999923706055,22.1200008392334
2019-01-30,30900,21.979000091552734,22.13599967956543,22.170000076293945,21.979000091552734,22.13599967956543
2019-01-29,26000,21.940000534057617,21.927000045776367,22.010000228881836,21.927000045776367,21.927000045776367
2019-01-28,33100,21.81999969482422,21.84000015258789,21.8799991607666,21.764999389648438,21.84000015258789
2019-01-25,56300,21.790000915527344,21.899999618530273,21.959999084472656,21.790000915527344,21.899999618530273
2019-01-24,56800,21.649999618530273,21.649999618530273,21.65999984741211,21.600000381469727,21.649999618530273
2019-01-23,40600,21.6299991607666,21.643999099731445,21.739999771118164,21.610000610351562,21.643999099731445
2019-01-22,69200,21.770000457763672,21.489999771118164,21.770000457763672,21.489999771118164,21.489999771118164
2019-01-18,66500,21.729999542236328,21.809999465942383,21.81999969482422,21.719999313354492,21.809999465942383
2019-01-17,36600,21.260000228881836,21.450000762939453,21.469999313354492,21.260000228881836,21.450000762939453
2019-01-16,21600,21.440000534057617,21.424999237060547,21.450000762939453,21.398000717163086,21.424999237060547
2019-01-15,63400,21.25,21.34000015258789,21.420000076293945,21.21500015258789,21.34000015258789
2019-01-14,51600,21.270000457763672,21.2810001373291,21.3700008392334,21.22599983215332,21.2810001373291
2019-01-11,63000,21.34000015258789,21.389999389648438,21.440000534057617,21.309999465942383,21.389999389648438
2019-01-10,70500,21.459999084472656,21.545000076293945,21.59000015258789,21.31100082397461,21.545000076293945
2019-01-09,39800,21.350000381469727,21.450000762939453,21.479999542236328,21.350000381469727,21.450000762939453
2019-01-08,33700,21.229999542236328,21.209999084472656,21.229999542236328,21.110000610351562,21.209999084472656
2019-01-07,65800,20.989999771118164,21.138999938964844,21.165000915527344,20.989999771118164,21.138999938964844
2019-01-04,86300,20.777999877929688,21.084999084472656,21.139999389648438,20.777999877929688,21.084999084472656
2019-01-03,57400,20.500999450683594,20.549999237060547,20.645000457763672,20.500999450683594,20.549999237060547
2019-01-02,36800,20.40999984741211,20.566999435424805,20.6299991607666,20.40999984741211,20.566999435424805
2018-12-31,50000,20.670000076293945,20.639999389648438,20.719999313354492,20.59000015258789,20.639999389648438
2018-12-28,90400,20.540000915527344,20.670000076293945,20.770000457763672,20.540000915527344,20.670000076293945
2018-12-27,142600,20.25,20.461000442504883,20.461000442504883,20.100000381469727,20.461000442504883
2018-12-26,132700,20.100000381469727,20.56999969482422,20.6299991607666,20.100000381469727,20.56999969482422
2018-12-24,161700,20.610000610351562,20.25,20.639999389648438,20.211000442504883,20.25
2018-12-21,1000400,20.530000686645508,20.378999710083008,20.636999130249023,20.378999710083008,20.378999710083008
2018-12-20,190000,20.700000762939453,20.600000381469727,20.76099967956543,20.59000015258789,20.600000381469727
2018-12-19,197000,20.958999633789062,20.600000381469727,21.0,20.589000701904297,20.600000381469727
2018-12-18,108200,21.040000915527344,21.01099967956543,21.15999984741211,21.0,20.706998825073242
2018-12-17,1219200,21.1299991607666,20.957000732421875,21.170000076293945,20.920000076293945,20.65378189086914
2018-12-14,104200,21.1299991607666,21.11199951171875,21.18000030517578,21.100000381469727,20.806537628173828
2018-12-13,178300,21.329999923706055,21.358999252319336,21.40999984741211,21.299999237060547,21.049964904785156
2018-12-12,36800,21.290000915527344,21.33099937438965,21.440000534057617,21.290000915527344,21.022369384765625
2018-12-11,82400,21.040000915527344,21.010000228881836,21.15999984741211,20.940000534057617,20.70601463317871
2018-12-10,316100,20.90999984741211,20.968000411987305,20.968000411987305,20.725000381469727,20.664623260498047
2018-12-07,83700,21.15999984741211,21.065000534057617,21.309999465942383,21.058000564575195,20.76021957397461
2018-12-06,1011100,21.15999984741211,21.260000228881836,21.31999969482422,21.010000228881836,20.9523983001709
2018-12-04,30400,21.670000076293945,21.639999389648438,21.690000534057617,21.639999389648438,21.3268985748291
2018-12-03,37900,22.139999389648438,22.0,22.139999389648438,22.0,21.681690216064453
2018-11-30,35900,21.84000015258789,21.940000534057617,21.975000381469727,21.84000015258789,21.62255859375
2018-11-29,36600,22.0,22.101999282836914,22.101999282836914,20.492000579833984,21.78221321105957
2018-11-28,23600,21.889999389648438,22.224000930786133,22.224000930786133,21.81999969482422,21.902450561523438
2018-11-27,56800,21.860000610351562,21.975000381469727,21.979999542236328,21.84000015258789,21.657052993774414
2018-11-26,61100,22.030000686645508,22.06999969482422,22.1200008392334,22.030000686645508,21.75067710876465
2018-11-23,112800,21.610000610351562,21.84000015258789,21.878999710083008,21.610000610351562,21.524005889892578
2018-11-21,48600,22.010000228881836,22.030000686645508,22.040000915527344,21.951000213623047,21.711257934570312
2018-11-20,1030500,21.899999618530273,21.850000381469727,21.969999313354492,21.81999969482422,21.53386116027832
2018-11-19,26100,22.25,22.170000076293945,22.31999969482422,22.09000015258789,21.849231719970703
2018-11-16,40300,22.100000381469727,22.329999923706055,22.329999923706055,22.100000381469727,22.006916046142578
2018-11-15,1198900,22.0,22.280000686645508,22.31999969482422,22.0,21.957639694213867
2018-11-14,29500,22.420000076293945,22.40999984741211,22.420000076293945,22.260000228881836,22.085758209228516
2018-11-13,53300,22.209999084472656,22.260000228881836,22.389999389648438,22.209999084472656,21.937929153442383
2018-11-12,272900,22.229999542236328,22.190000534057617,22.260000228881836,22.139999389648438,21.868942260742188
2018-11-09,234700,22.329999923706055,22.389999389648438,22.440000534057617,22.329999923706055,22.06604766845703
2018-11-08,58900,22.520000457763672,22.5,22.649999618530273,22.420000076293945,22.174455642700195
2018-11-07,23300,22.489999771118164,22.600000381469727,22.670000076293945,22.489999771118164,22.27301025390625
2018-11-06,18600,22.299999237060547,22.3799991607666,22.40999984741211,22.299999237060547,22.05619239807129
2018-11-05,100200,22.260000228881836,22.395000457763672,22.395000457763672,22.260000228881836,22.07097625732422
2018-11-02,60700,22.59000015258789,22.277000427246094,22.59000015258789,22.190000534057617,21.954683303833008
2018-11-01,48000,22.2810001373291,22.239999771118164,22.309999465942383,22.23200035095215,21.9182186126709
2018-10-31,26600,22.02400016784668,22.025999069213867,22.030000686645508,21.969999313354492,21.707313537597656
2018-10-30,43400,21.59000015258789,21.850000381469727,21.889999389648438,21.59000015258789,21.53386116027832
2018-10-29,88000,21.892000198364258,21.719999313354492,21.892000198364258,21.719999313354492,21.40574073791504
2018-10-26,49800,21.31999969482422,21.65999984741211,21.700000762939453,21.31999969482422,21.346609115600586
2018-10-25,75700,21.56999969482422,21.829999923706055,21.920000076293945,21.56999969482422,21.514150619506836
2018-10-24,35200,22.18000030517578,21.975000381469727,22.18000030517578,21.969999313354492,21.657052993774414
2018-10-23,119600,22.1299991607666,22.336000442504883,22.336000442504883,22.06999969482422,22.012828826904297
2018-10-22,80400,22.40999984741211,22.34000015258789,22.43400001525879,22.329999923706055,22.01677131652832
2018-10-19,39100,22.350000381469727,22.434999465942383,22.520000457763672,22.350000381469727,22.110395431518555
2018-10-18,69700,22.520999908447266,22.329999923706055,22.549999237060547,22.290000915527344,22.006916046142578
2018-10-17,32300,22.469999313354492,22.52199935913086,22.684999465942383,22.469999313354492,22.196136474609375
2018-10-16,28900,22.56999969482422,22.704999923706055,22.704999923706055,22.56999969482422,22.376489639282227
2018-10-15,44300,22.329999923706055,22.360000610351562,22.434999465942383,22.329999923706055,22.036481857299805
2018-10-12,1012700,22.40999984741211,22.329999923706055,22.5,22.150999069213867,22.006916046142578
2018-10-11,1770000,22.600000381469727,22.309999465942383,22.600000381469727,22.309999465942383,21.987205505371094
2018-10-10,89700,22.969999313354492,22.780000686645508,22.969999313354492,22.780000686645508,22.45040512084961
2018-10-09,224600,22.700000762939453,22.885000228881836,22.90999984741211,22.700000762939453,22.55388641357422
2018-10-08,328000,22.799999237060547,22.8700008392334,22.8700008392334,22.799999237060547,22.539104461669922
2018-10-05,84900,23.14699935913086,23.1299991607666,23.172000885009766,23.020000457763672,22.795339584350586
2018-10-04,113200,23.309999465942383,23.229999542236328,23.309999465942383,23.149999618530273,22.89389419555664
2018-10-03,78000,23.3700008392334,23.395000457763672,23.44499969482422,23.3700008392334,23.056507110595703
2018-10-02,81600,23.28700065612793,23.260000228881836,23.34000015258789,23.260000228881836,22.923460006713867
2018-10-01,83000,23.40999984741211,23.389999389648438,23.469999313354492,23.3799991607666,23.051578521728516
2018-09-28,130600,23.3700008392334,23.408000946044922,23.510000228881836,23.34000015258789,23.069318771362305
2018-09-27,81100,23.6299991607666,23.700000762939453,23.799999237060547,23.6299991607666,23.357093811035156
2018-09-26,27500,23.510000228881836,23.635000228881836,23.719999313354492,23.510000228881836,23.29303550720215
2018-09-25,22900,23.860000610351562,23.871000289916992,23.920000076293945,23.84000015258789,23.322599411010742
2018-09-24,39600,23.850000381469727,23.829999923706055,23.950000762939453,23.829999923706055,23.282541275024414
2018-09-21,27400,23.829999923706055,23.969999313354492,23.969999313354492,23.829999923706055,23.41932487487793
2018-09-20,32000,23.6299991607666,23.940000534057617,23.940000534057617,23.6299991607666,23.3900146484375
2018-09-19,42800,23.459999084472656,23.639999389648438,23.639999389648438,23.459999084472656,23.096906661987305
2018-09-18,47000,23.540000915527344,23.540000915527344,23.540000915527344,23.47599983215332,22.999204635620117
2018-09-17,86900,23.41200065612793,23.43000030517578,23.440000534057617,23.3799991607666,22.89173126220703
2018-09-14,19700,23.229999542236328,23.25,23.298999786376953,23.190000534057617,22.715866088867188
2018-09-13,36200,23.31100082397461,23.270000457763672,23.333999633789062,23.229999542236328,22.73540687561035
2018-09-12,38500,23.01099967956543,23.15999984741211,23.170000076293945,23.01099967956543,22.627933502197266
2018-09-11,48100,22.780000686645508,22.950000762939453,23.030000686645508,22.780000686645508,22.422760009765625
2018-09-10,132700,22.969999313354492,23.049999237060547,23.06100082397461,22.969999313354492,22.52046012878418
2018-09-07,293600,22.75,22.829999923706055,22.900999069213867,22.75,22.30551528930664
2018-09-06,83100,23.06800079345703,22.969999313354492,23.09600067138672,22.940000534057617,22.442298889160156
2018-09-05,773400,23.045000076293945,23.03499984741211,23.045000076293945,23.020000457763672,22.50580596923828
2018-09-04,70600,23.19099998474121,23.165000915527344,23.19099998474121,23.14299964904785,22.63282012939453
2018-08-31,83500,23.520000457763672,23.31999969482422,23.545000076293945,23.31599998474121,22.784257888793945
2018-08-30,33400,23.649999618530273,23.639999389648438,23.780000686645508,23.6200008392334,23.096906661987305
2018-08-29,43700,23.639999389648438,23.889999389648438,23.899999618530273,23.639999389648438,23.341161727905273
2018-08-28,22600,23.889999389648438,23.809999465942383,23.889999389648438,23.770999908447266,23.26300048828125
2018-08-27,23800,23.780000686645508,23.809999465942383,23.809999465942383,23.770000457763672,23.26300048828125
2018-08-24,20900,23.34000015258789,23.54400062561035,23.579999923706055,23.34000015258789,23.00311279296875
2018-08-23,32500,23.299999237060547,23.40999984741211,23.469999313354492,23.299999237060547,22.872190475463867
2018-08-22,31500,23.5310001373291,23.56100082397461,23.600000381469727,23.5310001373291,23.01972198486328
2018-08-21,59800,23.299999237060547,23.559999465942383,23.559999465942383,23.299999237060547,23.01874351501465
2018-08-20,46200,23.264999389648438,23.3439998626709,23.3439998626709,23.264999389648438,22.807706832885742
2018-08-17,26900,22.84000015258789,23.18000030517578,23.239999771118164,22.84000015258789,22.64747428894043
2018-08-16,24400,22.90999984741211,23.110000610351562,23.1200008392334,22.90999984741211,22.579082489013672
2018-08-15,1584900,22.760000228881836,22.8799991607666,22.881000518798828,22.760000228881836,22.354366302490234
2018-08-14,65800,23.158000946044922,23.15999984741211,23.190000534057617,23.158000946044922,22.627933502197266
2018-08-13,45600,23.290000915527344,23.31100082397461,23.31100082397461,23.266000747680664,22.77546501159668
2018-08-10,196600,23.326000213623047,23.450000762939453,23.450000762939453,23.260000228881836,22.911272048950195
2018-08-09,27700,23.780000686645508,23.742000579833984,23.850000381469727,23.742000579833984,23.196563720703125
2018-08-08,35400,23.81999969482422,23.8799991607666,23.90999984741211,23.749000549316406,23.331392288208008
2018-08-07,31100,23.799999237060547,23.8799991607666,23.926000595092773,23.799999237060547,23.331392288208008
2018-08-06,54600,23.488000869750977,23.610000610351562,23.65999984741211,23.488000869750977,23.067596435546875
2018-08-03,12800,23.600000381469727,23.670000076293945,23.68000030517578,23.600000381469727,23.126216888427734
2018-08-02,35200,23.34000015258789,23.56999969482422,23.56999969482422,23.34000015258789,23.028514862060547
2018-08-01,22100,23.8799991607666,23.8700008392334,23.8799991607666,23.8700008392334,23.321624755859375
2018-07-31,26600,24.110000610351562,24.079999923706055,24.18000030517578,24.049999237060547,23.526798248291016
2018-07-30,35300,23.8799991607666,23.97599983215332,24.040000915527344,23.8799991607666,23.425188064575195
2018-07-27,44200,23.799999237060547,23.81800079345703,23.889999389648438,23.790000915527344,23.270816802978516
2018-07-26,42500,23.8799991607666,23.780000686645508,23.8799991607666,23.780000686645508,23.233692169189453
2018-07-25,28700,23.766000747680664,23.8799991607666,23.8799991607666,23.68000030517578,23.331392288208008
2018-07-24,38400,23.700000762939453,23.81100082397461,23.8700008392334,23.700000762939453,23.263978958129883
2018-07-23,26500,23.68000030517578,23.625,23.68000030517578,23.6200008392334,23.082250595092773
2018-07-20,27600,23.510000228881836,23.643999099731445,23.65999984741211,23.510000228881836,23.100812911987305
2018-07-19,23100,23.329999923706055,23.559999465942383,23.566999435424805,23.329999923706055,23.01874351501465
2018-07-18,20000,23.5,23.639999389648438,23.690000534057617,23.5,23.096906661987305
2018-07-17,42900,23.600000381469727,23.759000778198242,23.759000778198242,23.600000381469727,23.213172912597656
2018-07-16,45600,23.780000686645508,23.59000015258789,23.780000686645508,23.549999237060547,23.04805564880371
2018-07-13,31600,23.479999542236328,23.719999313354492,23.719999313354492,23.479999542236328,23.175067901611328
2018-07-12,24600,23.399999618530273,23.610000610351562,23.639999389648438,23.399999618530273,23.067596435546875
2018-07-11,31600,23.579999923706055,23.386999130249023,23.579999923706055,23.386999130249023,22.84971809387207
2018-07-10,32400,23.885000228881836,23.8799991607666,23.889999389648438,23.864999771118164,23.331392288208008
2018-07-09,55700,23.809999465942383,23.808000564575195,23.8700008392334,23.790000915527344,23.26104736328125
2018-07-06,17200,23.530000686645508,23.746999740600586,23.790000915527344,23.530000686645508,23.201448440551758
2018-07-05,23400,23.770000457763672,23.6200008392334,23.770000457763672,23.600000381469727,23.07736587524414
2018-07-03,26400,23.15999984741211,23.309999465942383,23.350000381469727,23.15999984741211,22.77448844909668
2018-07-02,110300,23.100000381469727,23.1200008392334,23.138999938964844,23.079999923706055,22.58885383605957
2018-06-29,264100,23.239999771118164,23.391000747680664,23.440000534057617,23.239999771118164,22.853626251220703
2018-06-28,292900,23.156999588012695,23.170000076293945,23.170000076293945,23.079999923706055,22.637704849243164
2018-06-27,37900,23.18000030517578,23.290000915527344,23.361000061035156,23.18000030517578,22.75494956970215
2018-06-26,86100,23.450000762939453,23.441999435424805,23.450000762939453,23.399999618530273,22.820405960083008
2018-06-25,213300,23.399999618530273,23.3700008392334,23.399999618530273,23.368999481201172,22.75031852722168
2018-06-22,74600,23.6299991607666,23.670000076293945,23.68000030517578,23.6299991607666,23.042362213134766
2018-06-21,228100,23.520000457763672,23.350000381469727,23.520000457763672,23.350000381469727,22.73084831237793
2018-06-20,38700,23.493000030517578,23.575000762939453,23.65999984741211,23.493000030517578,22.949880599975586
2018-06-19,1617300,23.610000610351562,23.5,23.6200008392334,23.420000076293945,22.876869201660156
2018-06-18,252300,23.839000701904297,23.8700008392334,23.909000396728516,23.780000686645508,23.237058639526367
2018-06-15,68500,23.729999542236328,24.030000686645508,24.195999145507812,23.729999542236328,23.3928165435791
2018-06-14,24600,24.040000915527344,24.15999984741211,24.280000686645508,24.040000915527344,23.51936912536621
2018-06-13,41400,24.0,24.184999465942383,24.215999603271484,24.0,23.5437068939209
2018-06-12,23800,24.270000457763672,24.18899917602539,24.270000457763672,24.149999618530273,23.547597885131836
2018-06-11,20500,24.18000030517578,24.290000915527344,24.329999923706055,24.18000030517578,23.64592170715332
2018-06-08,28000,23.959999084472656,24.149999618530273,24.190000534057617,23.959999084472656,23.509632110595703
2018-06-07,35100,24.343000411987305,24.299999237060547,24.351999282836914,24.290000915527344,23.655654907226562
2018-06-06,7562800,24.229999542236328,24.280000686645508,24.299999237060547,24.100000381469727,23.636188507080078
2018-06-05,9700,24.079999923706055,24.049999237060547,24.110000610351562,24.049999237060547,23.41228485107422
2018-06-04,5700,24.18000030517578,24.06999969482422,24.239999771118164,24.06999969482422,23.43175506591797
2018-06-01,18300,23.989999771118164,23.979999542236328,24.010000228881836,23.90999984741211,23.34414291381836
2018-05-31,400,23.81999969482422,23.860000610351562,23.860000610351562,23.81999969482422,23.227325439453125
2018-05-30,0,23.5,23.5,23.5,23.5,22.876869201660156
2018-05-29,200,23.5,23.5,23.5,23.5,22.876869201660156
2018-05-25,100,24.170000076293945,24.170000076293945,24.170000076293945,24.170000076293945,23.529104232788086
2018-05-24,0,24.799999237060547,24.799999237060547,24.799999237060547,24.799999237060547,24.142398834228516
2018-05-23,0,24.799999237060547,24.799999237060547,24.799999237060547,24.799999237060547,24.142398834228516
2018-05-22,0,24.799999237060547,24.799999237060547,24.799999237060547,24.799999237060547,24.142398834228516
2018-05-21,0,24.799999237060547,24.799999237060547,24.799999237060547,24.799999237060547,24.142398834228516
2018-05-18,400,24.799999237060547,24.799999237060547,24.799999237060547,24.799999237060547,24.142398834228516
2018-05-17,0,24.639999389648438,24.639999389648438,24.639999389648438,24.639999389648438,23.98664093017578
2018-05-16,2700,24.59000015258789,24.639999389648438,24.959999084472656,24.59000015258789,23.98664093017578
2018-05-15,300,24.56999969482422,24.565000534057617,24.56999969482422,24.565000534057617,23.91362953186035
2018-05-14,700,24.739999771118164,24.718000411987305,24.739999771118164,24.718000411987305,24.06257438659668
2018-05-11,0,24.399999618530273,24.399999618530273,24.399999618530273,24.399999618530273,23.753005981445312
2018-05-10,0,24.399999618530273,24.399999618530273,24.399999618530273,24.399999618530273,23.753005981445312
2018-05-09,0,24.399999618530273,24.399999618530273,24.399999618530273,24.399999618530273,23.753005981445312
2018-05-08,0,24.399999618530273,24.399999618530273,24.399999618530273,24.399999618530273,23.753005981445312
2018-05-07,0,24.399999618530273,24.399999618530273,24.399999618530273,24.399999618530273,23.753005981445312
2018-05-04,0,24.399999618530273,24.399999618530273,24.399999618530273,24.399999618530273,23.753005981445312
2018-05-03,0,24.399999618530273,24.399999618530273,24.399999618530273,24.399999618530273,23.753005981445312
2018-05-02,22700,24.399999618530273,24.399999618530273,24.399999618530273,24.399999618530273,23.753005981445312
2018-05-01,500,24.299999237060547,24.299999237060547,24.299999237060547,24.299999237060547,23.655654907226562
2018-04-30,0,24.663999557495117,24.663999557495117,24.663999557495117,24.663999557495117,24.0100040435791
2018-04-27,0,24.663999557495117,24.663999557495117,24.663999557495117,24.663999557495117,24.0100040435791
2018-04-26,0,24.663999557495117,24.663999557495117,24.663999557495117,24.663999557495117,24.0100040435791
2018-04-25,0,24.663999557495117,24.663999557495117,24.663999557495117,24.663999557495117,24.0100040435791
2018-04-24,0,24.663999557495117,24.663999557495117,24.663999557495117,24.663999557495117,24.0100040435791
2018-04-23,0,24.663999557495117,24.663999557495117,24.663999557495117,24.663999557495117,24.0100040435791
2018-04-20,0,24.663999557495117,24.663999557495117,24.663999557495117,24.663999557495117,24.0100040435791
2018-04-19,300,24.530000686645508,24.663999557495117,24.663999557495117,24.530000686645508,24.0100040435791
2018-04-18,0,24.45400047302246,24.45400047302246,24.45400047302246,24.45400047302246,23.805572509765625
2018-04-17,0,24.45400047302246,24.45400047302246,24.45400047302246,24.45400047302246,23.805572509765625
2018-04-16,0,24.45400047302246,24.45400047302246,24.45400047302246,24.45400047302246,23.805572509765625
2018-04-13,0,24.45400047302246,24.45400047302246,24.45400047302246,24.45400047302246,23.805572509765625
2018-04-12,300,24.31999969482422,24.45400047302246,24.45400047302246,24.31999969482422,23.805572509765625
2018-04-11,0,23.540000915527344,23.540000915527344,23.540000915527344,23.540000915527344,22.91581153869629
2018-04-10,0,23.540000915527344,23.540000915527344,23.540000915527344,23.540000915527344,22.91581153869629
2018-04-09,0,23.540000915527344,23.540000915527344,23.540000915527344,23.540000915527344,22.91581153869629
2018-04-06,0,23.540000915527344,23.540000915527344,23.540000915527344,23.540000915527344,22.91581153869629
2018-04-05,0,23.540000915527344,23.540000915527344,23.540000915527344,23.540000915527344,22.91581153869629
2018-04-04,3300,23.6200008392334,23.540000915527344,23.6200008392334,23.540000915527344,22.91581153869629
2018-04-03,400,23.65999984741211,23.65999984741211,23.65999984741211,23.65999984741211,23.03262710571289
2018-04-02,0,24.010000228881836,24.010000228881836,24.010000228881836,24.010000228881836,23.37334442138672
2018-03-29,200,24.010000228881836,24.010000228881836,24.010000228881836,24.010000228881836,23.37334442138672
2018-03-28,500,23.6299991607666,23.62700080871582,23.6299991607666,23.62700080871582,23.000503540039062
2018-03-27,700,23.6200008392334,23.617000579833984,23.6200008392334,23.617000579833984,22.990768432617188
2018-03-26,0,23.440000534057617,23.440000534057617,23.440000534057617,23.440000534057617,22.81846046447754
2018-03-23,100,23.440000534057617,23.440000534057617,23.440000534057617,23.440000534057617,22.81846046447754
2018-03-22,100,23.579999923706055,23.579999923706055,23.579999923706055,23.579999923706055,22.954748153686523
2018-03-21,0,24.209999084472656,24.209999084472656,24.209999084472656,24.209999084472656,23.568042755126953
2018-03-20,0,24.209999084472656,24.209999084472656,24.209999084472656,24.209999084472656,23.434677124023438
2018-03-19,0,24.209999084472656,24.209999084472656,24.209999084472656,24.209999084472656,23.434677124023438
2018-03-16,0,24.209999084472656,24.209999084472656,24.209999084472656,24.209999084472656,23.434677124023438
2018-03-15,0,24.209999084472656,24.209999084472656,24.209999084472656,24.209999084472656,23.434677124023438
2018-03-14,0,24.209999084472656,24.209999084472656,24.209999084472656,24.209999084472656,23.434677124023438
2018-03-13,0,24.209999084472656,24.209999084472656,24.209999084472656,24.209999084472656,23.434677124023438
2018-03-12,900,24.209999084472656,24.209999084472656,24.209999084472656,24.209999084472656,23.434677124023438
2018-03-09,200,24.170000076293945,24.170000076293945,24.170000076293945,24.170000076293945,23.39595603942871
2018-03-08,500,24.06999969482422,24.06999969482422,24.06999969482422,24.06999969482422,23.299158096313477
2018-03-07,100,23.93000030517578,23.93000030517578,23.93000030517578,23.93000030517578,23.16364288330078
2018-03-06,0,23.927000045776367,23.927000045776367,23.927000045776367,23.927000045776367,23.16073989868164
2018-03-05,800,23.93000030517578,23.927000045776367,23.93000030517578,23.927000045776367,23.16073989868164
2018-03-02,500,23.819000244140625,23.819000244140625,23.819000244140625,23.819000244140625,23.05620002746582
2018-03-01,0,24.43000030517578,24.43000030517578,24.43000030517578,24.43000030517578,23.647632598876953
2018-02-28,0,24.43000030517578,24.43000030517578,24.43000030517578,24.43000030517578,23.647632598876953
2018-02-27,300,24.75,24.43000030517578,24.75,24.43000030517578,23.647632598876953
2018-02-26,5900,24.700000762939453,24.70400047302246,24.70400047302246,24.690000534057617,23.912857055664062
2018-02-23,0,24.1299991607666,24.1299991607666,24.1299991607666,24.1299991607666,23.357236862182617
2018-02-22,0,24.1299991607666,24.1299991607666,24.1299991607666,24.1299991607666,23.357236862182617
2018-02-21,0,24.1299991607666,24.1299991607666,24.1299991607666,24.1299991607666,23.357236862182617
2018-02-20,800,24.510000228881836,24.1299991607666,24.510000228881836,24.1299991607666,23.357236862182617
2018-02-16,0,23.84000015258789,23.84000015258789,23.84000015258789,23.84000015258789,23.07652473449707
2018-02-15,0,23.84000015258789,23.84000015258789,23.84000015258789,23.84000015258789,23.07652473449707
2018-02-14,0,23.84000015258789,23.84000015258789,23.84000015258789,23.84000015258789,23.07652473449707
2018-02-13,200,23.8439998626709,23.84000015258789,23.8439998626709,23.84000015258789,23.07652473449707
2018-02-12,5300,23.639999389648438,23.847999572753906,23.847999572753906,23.420000076293945,23.084270477294922
2018-02-09,0,23.969999313354492,23.969999313354492,23.969999313354492,23.969999313354492,23.202362060546875
2018-02-08,0,23.969999313354492,23.969999313354492,23.969999313354492,23.969999313354492,23.202362060546875
2018-02-07,0,23.969999313354492,23.969999313354492,23.969999313354492,23.969999313354492,23.202362060546875
2018-02-06,200,23.969999313354492,23.969999313354492,23.969999313354492,23.969999313354492,23.202362060546875
2018-02-05,0,24.770000457763672,24.770000457763672,24.770000457763672,24.770000457763672,23.976741790771484
2018-02-02,100,24.770000457763672,24.770000457763672,24.770000457763672,24.770000457763672,23.976741790771484
2018-02-01,0,25.309999465942383,25.309999465942383,25.309999465942383,25.309999465942383,24.499446868896484
2018-01-31,0,25.309999465942383,25.309999465942383,25.309999465942383,25.309999465942383,24.499446868896484
2018-01-30,0,25.309999465942383,25.309999465942383,25.309999465942383,25.309999465942383,24.499446868896484
2018-01-29,0,25.309999465942383,25.309999465942383,25.309999465942383,25.309999465942383,24.499446868896484
2018-01-26,0,25.309999465942383,25.309999465942383,25.309999465942383,25.309999465942383,24.499446868896484
2018-01-25,0,25.309999465942383,25.309999465942383,25.309999465942383,25.309999465942383,24.499446868896484
2018-01-24,0,25.309999465942383,25.309999465942383,25.309999465942383,25.309999465942383,24.499446868896484
2018-01-23,500,25.309999465942383,25.309999465942383,25.309999465942383,25.309999465942383,24.499446868896484
2018-01-22,300,25.40999984741211,25.375999450683594,25.40999984741211,25.375999450683594,24.563335418701172
2018-01-19,0,25.209999084472656,25.209999084472656,25.209999084472656,25.209999084472656,24.402650833129883
2018-01-18,0,25.209999084472656,25.209999084472656,25.209999084472656,25.209999084472656,24.402650833129883
2018-01-17,0,25.209999084472656,25.209999084472656,25.209999084472656,25.209999084472656,24.402650833129883
2018-01-16,400,25.209999084472656,25.209999084472656,25.209999084472656,25.209999084472656,24.402650833129883
2018-01-12,0,25.299999237060547,25.299999237060547,25.299999237060547,25.299999237060547,24.48976707458496
2018-01-11,400,25.299999237060547,25.299999237060547,25.299999237060547,25.299999237060547,24.48976707458496
2018-01-10,400,25.270000457763672,25.270000457763672,25.270000457763672,25.270000457763672,24.460731506347656
2018-01-09,600,25.299999237060547,25.33300018310547,25.33300018310547,25.299999237060547,24.521711349487305
2018-01-08,2900,25.030000686645508,25.18000030517578,25.239999771118164,25.030000686645508,24.373611450195312
2018-01-05,0,24.8700008392334,24.8700008392334,24.8700008392334,24.8700008392334,24.07354164123535
2018-01-04,0,24.8700008392334,24.8700008392334,24.8700008392334,24.8700008392334,24.07354164123535
2018-01-03,300,24.8700008392334,24.8700008392334,24.8700008392334,24.8700008392334,24.07354164123535
2018-01-02,800,24.760000228881836,24.731000900268555,24.760000228881836,24.731000900268555,23.938993453979492
2017-12-29,0,24.719999313354492,24.719999313354492,24.719999313354492,24.719999313354492,23.9283447265625
2017-12-28,100,24.719999313354492,24.719999313354492,24.719999313354492,24.719999313354492,23.9283447265625
2017-12-27,100,24.770000457763672,24.770000457763672,24.770000457763672,24.770000457763672,23.976741790771484
2017-12-26,0,24.65999984741211,24.65999984741211,24.65999984741211,24.65999984741211,23.87026596069336
2017-12-22,0,24.65999984741211,24.65999984741211,24.65999984741211,24.65999984741211,23.87026596069336
2017-12-21,100,24.65999984741211,24.65999984741211,24.65999984741211,24.65999984741211,23.87026596069336
2017-12-20,7100,24.59000015258789,24.200000762939453,24.59000015258789,24.200000762939453,23.424997329711914
2017-12-19,900,24.829999923706055,24.75,24.829999923706055,24.75,23.95738410949707
2017-12-18,1000,24.959999084472656,24.969999313354492,24.969999313354492,24.915000915527344,24.065793991088867
2017-12-15,0,24.790000915527344,24.790000915527344,24.790000915527344,24.790000915527344,23.892314910888672
2017-12-14,800,24.959999084472656,24.790000915527344,24.959999084472656,24.790000915527344,23.892314910888672
2017-12-13,3000,24.90999984741211,24.899999618530273,24.920000076293945,24.89699935913086,23.998329162597656
2017-12-12,0,24.760000228881836,24.760000228881836,24.760000228881836,24.760000228881836,23.863399505615234
2017-12-11,0,24.760000228881836,24.760000228881836,24.760000228881836,24.760000228881836,23.863399505615234
2017-12-08,1000,24.760000228881836,24.760000228881836,24.760000228881836,24.760000228881836,23.863399505615234
2017-12-07,12000,24.65999984741211,24.64299964904785,24.69099998474121,24.57900047302246,23.75063705444336
2017-12-06,0,24.709999084472656,24.709999084472656,24.709999084472656,24.709999084472656,23.815210342407227
2017-12-05,300,24.704999923706055,24.709999084472656,24.709999084472656,24.704999923706055,23.815210342407227
2017-12-04,0,25.010000228881836,25.010000228881836,25.010000228881836,25.010000228881836,24.104347229003906
2017-12-01,0,25.010000228881836,25.010000228881836,25.010000228881836,25.010000228881836,24.104347229003906
2017-11-30,400,25.010000228881836,25.010000228881836,25.010000228881836,25.010000228881836,24.104347229003906
2017-11-29,0,24.899999618530273,24.899999618530273,24.899999618530273,24.899999618530273,23.998329162597656
2017-11-28,200,24.899999618530273,24.899999618530273,24.899999618530273,24.899999618530273,23.998329162597656
2017-11-27,0,24.90999984741211,24.90999984741211,24.90999984741211,24.90999984741211,24.00796890258789
2017-11-24,0,24.90999984741211,24.90999984741211,24.90999984741211,24.90999984741211,24.00796890258789
2017-11-22,0,24.90999984741211,24.90999984741211,24.90999984741211,24.90999984741211,24.00796890258789
2017-11-21,300,24.90999984741211,24.90999984741211,24.90999984741211,24.90999984741211,24.00796890258789
2017-11-20,0,24.624000549316406,24.624000549316406,24.624000549316406,24.624000549316406,23.732322692871094
2017-11-17,200,24.624000549316406,24.624000549316406,24.624000549316406,24.624000549316406,23.732322692871094
2017-11-16,26000,24.760000228881836,24.790000915527344,24.799999237060547,24.59000015258789,23.892314910888672
2017-11-15,1000,24.746999740600586,24.749000549316406,24.749000549316406,24.746999740600586,23.852798461914062
2017-11-14,0,25.3799991607666,25.3799991607666,25.3799991607666,25.3799991607666,24.460948944091797
2017-11-13,0,25.3799991607666,25.3799991607666,25.3799991607666,25.3799991607666,24.460948944091797
2017-11-10,0,25.3799991607666,25.3799991607666,25.3799991607666,25.3799991607666,24.460948944091797
2017-11-09,0,25.3799991607666,25.3799991607666,25.3799991607666,25.3799991607666,24.460948944091797
2017-11-08,200,25.3799991607666,25.3799991607666,25.3799991607666,25.3799991607666,24.460948944091797
2017-11-07,400,25.350000381469727,25.350000381469727,25.350000381469727,25.350000381469727,24.432037353515625
2017-11-06,0,25.40999984741211,25.40999984741211,25.40999984741211,25.40999984741211,24.489864349365234
2017-11-03,0,25.40999984741211,25.40999984741211,25.40999984741211,25.40999984741211,24.489864349365234
2017-11-02,200,25.40999984741211,25.40999984741211,25.40999984741211,25.40999984741211,24.489864349365234
2017-11-01,2600,25.389999389648438,25.399999618530273,25.399999618530273,25.389999389648438,24.480224609375
2017-10-31,1200,25.170000076293945,25.280000686645508,25.280000686645508,25.170000076293945,24.364572525024414
2017-10-30,300,25.152999877929688,25.152999877929688,25.152999877929688,25.152999877929688,24.242170333862305
2017-10-27,5800,25.360000610351562,25.270000457763672,25.360000610351562,25.231000900268555,24.35493278503418
2017-10-26,500,25.219999313354492,25.06100082397461,25.219999313354492,25.06100082397461,24.153501510620117
2017-10-25,0,25.06999969482422,25.06999969482422,25.06999969482422,25.06999969482422,24.162174224853516
2017-10-24,200,25.06999969482422,25.06999969482422,25.06999969482422,25.06999969482422,24.162174224853516
2017-10-23,300,25.009000778198242,25.009000778198242,25.009000778198242,25.009000778198242,24.103384017944336
2017-10-20,0,24.950000762939453,24.950000762939453,24.950000762939453,24.950000762939453,24.046520233154297
2017-10-19,500,24.950000762939453,24.950000762939453,24.950000762939453,24.950000762939453,24.046520233154297
2017-10-18,200,25.014999389648438,25.014999389648438,25.014999389648438,25.014999389648438,24.10916519165039
2017-10-17,0,24.937999725341797,24.937999725341797,24.937999725341797,24.937999725341797,24.034954071044922
2017-10-16,10100,24.937999725341797,24.937999725341797,24.937999725341797,24.937999725341797,24.034954071044922
2017-10-13,300,25.040000915527344,25.059999465942383,25.059999465942383,25.040000915527344,24.152536392211914
2017-10-12,0,24.950000762939453,24.950000762939453,24.950000762939453,24.950000762939453,24.046520233154297
2017-10-11,200,24.950000762939453,24.950000762939453,24.950000762939453,24.950000762939453,24.046520233154297
2017-10-10,0,24.867000579833984,24.867000579833984,24.867000579833984,24.867000579833984,23.96652603149414
2017-10-09,0,24.867000579833984,24.867000579833984,24.867000579833984,24.867000579833984,23.96652603149414
2017-10-06,500,24.90999984741211,24.867000579833984,24.90999984741211,24.867000579833984,23.96652603149414
2017-10-05,600,24.940000534057617,24.899999618530273,24.940000534057617,24.899999618530273,23.998329162597656
2017-10-04,200,24.739999771118164,24.739999771118164,24.739999771118164,24.739999771118164,23.84412384033203
2017-10-03,200,24.790000915527344,24.790000915527344,24.790000915527344,24.790000915527344,23.892314910888672
2017-10-02,600,24.650999069213867,24.760000228881836,24.760000228881836,24.650999069213867,23.863399505615234
2017-09-29,600,24.649999618530273,24.649999618530273,24.649999618530273,24.649999618530273,23.75738525390625
2017-09-28,300,24.375999450683594,24.43000030517578,24.43000030517578,24.375999450683594,23.54534912109375
2017-09-27,0,24.3700008392334,24.3700008392334,24.3700008392334,24.3700008392334,23.487524032592773
2017-09-26,200,24.3700008392334,24.3700008392334,24.3700008392334,24.3700008392334,23.487524032592773
2017-09-25,2600,24.3700008392334,24.3700008392334,24.3700008392334,24.36400032043457,23.487524032592773
2017-09-22,200,24.43000030517578,24.43000030517578,24.43000030517578,24.43000030517578,23.54534912109375
2017-09-21,2000,24.329999923706055,24.15999984741211,24.329999923706055,24.100000381469727,23.285125732421875
2017-09-20,0,24.51300048828125,24.51300048828125,24.51300048828125,24.51300048828125,23.417165756225586
2017-09-19,1100,24.6200008392334,24.51300048828125,24.6200008392334,24.447999954223633,23.417165756225586
2017-09-18,200,24.5,24.5,24.5,24.5,23.40474510192871
2017-09-15,4200,24.405000686645508,24.388999938964844,24.405000686645508,24.360000610351562,23.298707962036133
2017-09-14,300,24.5,24.465999603271484,24.5,24.465999603271484,23.372268676757812
2017-09-13,0,24.639999389648438,24.639999389648438,24.639999389648438,24.639999389648438,23.538488388061523
2017-09-12,0,24.639999389648438,24.639999389648438,24.639999389648438,24.639999389648438,23.538488388061523
2017-09-11,1900,24.479999542236328,24.639999389648438,24.639999389648438,24.479999542236328,23.538488388061523
2017-09-08,0,24.389999389648438,24.389999389648438,24.389999389648438,24.389999389648438,23.299663543701172
2017-09-07,100,24.389999389648438,24.389999389648438,24.389999389648438,24.389999389648438,23.299663543701172
2017-09-06,800,24.19099998474121,24.31999969482422,24.31999969482422,24.19099998474121,23.2327938079834
2017-09-05,700,24.097000122070312,24.083999633789062,24.110000610351562,24.083999633789062,23.007343292236328
2017-09-01,400,24.450000762939453,24.450000762939453,24.450000762939453,24.450000762939453,23.35698127746582
2017-08-31,0,24.149999618530273,24.149999618530273,24.149999618530273,24.149999618530273,23.070390701293945
2017-08-30,100,24.149999618530273,24.149999618530273,24.149999618530273,24.149999618530273,23.070390701293945
2017-08-29,0,24.3799991607666,24.3799991607666,24.3799991607666,24.3799991607666,23.290111541748047
2017-08-28,0,24.3799991607666,24.3799991607666,24.3799991607666,24.3799991607666,23.290111541748047
2017-08-25,0,24.3799991607666,24.3799991607666,24.3799991607666,24.3799991607666,23.290111541748047
2017-08-24,800,24.3799991607666,24.3799991607666,24.3799991607666,24.3799991607666,23.290111541748047
2017-08-23,0,24.299999237060547,24.299999237060547,24.299999237060547,24.299999237060547,23.213685989379883
2017-08-22,1400,24.190000534057617,24.299999237060547,24.299999237060547,24.086000442504883,23.213685989379883
2017-08-21,500,24.051000595092773,24.049999237060547,24.051000595092773,24.049999237060547,22.974863052368164
2017-08-18,1100,24.06999969482422,24.149999618530273,24.149999618530273,24.06999969482422,23.070390701293945
2017-08-17,1900,24.170000076293945,24.110000610351562,24.21500015258789,24.110000610351562,23.032180786132812
2017-08-16,3200,24.350000381469727,24.354000091552734,24.38599967956543,24.350000381469727,23.265274047851562
2017-08-15,900,24.25,24.25,24.25,24.25,23.165922164916992
2017-08-14,500,24.17300033569336,24.229999542236328,24.229999542236328,24.15999984741211,23.14681625366211
2017-08-11,100,24.0,24.0,24.0,24.0,22.92709732055664
2017-08-10,1700,24.05699920654297,24.06999969482422,24.06999969482422,24.05699920654297,22.993968963623047
2017-08-09,0,24.520000457763672,24.520000457763672,24.520000457763672,24.520000457763672,23.423852920532227
2017-08-08,0,24.520000457763672,24.520000457763672,24.520000457763672,24.520000457763672,23.423852920532227
2017-08-07,100,24.520000457763672,24.520000457763672,24.520000457763672,24.520000457763672,23.423852920532227
2017-08-04,200,24.5310001373291,24.549999237060547,24.549999237060547,24.5310001373291,23.452510833740234
2017-08-03,2100,24.3700008392334,24.389999389648438,24.389999389648438,24.3700008392334,23.299663543701172
2017-08-02,10000,24.260000228881836,24.260000228881836,24.260000228881836,24.260000228881836,23.175477981567383
2017-08-01,2700,24.280000686645508,24.260000228881836,24.299999237060547,24.246999740600586,23.175477981567383
2017-07-31,700,24.1200008392334,23.989999771118164,24.1200008392334,23.989999771118164,22.91754722595215
2017-07-28,4500,23.90999984741211,24.149999618530273,24.149999618530273,23.600000381469727,23.070390701293945
2017-07-27,200,24.350000381469727,24.350000381469727,24.350000381469727,24.350000381469727,23.26145362854004
2017-07-26,900,24.479999542236328,24.489999771118164,24.489999771118164,24.450000762939453,23.39519500732422
2017-07-25,8000,24.399999618530273,24.389999389648438,24.440000534057617,24.389999389648438,23.299663543701172
2017-07-24,500,24.266000747680664,24.290000915527344,24.290000915527344,24.266000747680664,23.20413589477539
2017-07-21,200,24.37299919128418,24.37299919128418,24.37299919128418,24.37299919128418,23.283422470092773
2017-07-20,600,24.56999969482422,24.59000015258789,24.59000015258789,24.559999465942383,23.49072265625
2017-07-19,200,24.59000015258789,24.59000015258789,24.59000015258789,24.59000015258789,23.49072265625
2017-07-18,900,24.530000686645508,24.538999557495117,24.538999557495117,24.469999313354492,23.442001342773438
2017-07-17,400,24.739999771118164,24.707000732421875,24.739999771118164,24.707000732421875,23.602493286132812
2017-07-14,400,24.68000030517578,24.68000030517578,24.68000030517578,24.68000030517578,23.576696395874023
2017-07-13,100,24.770000457763672,24.770000457763672,24.770000457763672,24.770000457763672,23.662675857543945
2017-07-12,200,24.809999465942383,24.729999542236328,24.809999465942383,24.729999542236328,23.62446403503418
2017-07-11,0,24.586000442504883,24.586000442504883,24.586000442504883,24.586000442504883,23.48690414428711
2017-07-10,300,24.586000442504883,24.586000442504883,24.586000442504883,24.586000442504883,23.48690414428711
2017-07-07,200,24.510000228881836,24.510000228881836,24.510000228881836,24.510000228881836,23.4143009185791
2017-07-06,800,24.292999267578125,24.389999389648438,24.40999984741211,24.292999267578125,23.299663543701172
2017-07-05,1800,24.479999542236328,24.479999542236328,24.5,24.34000015258789,23.385639190673828
2017-07-03,200,24.399999618530273,24.399999618530273,24.399999618530273,24.399999618530273,23.309215545654297
2017-06-30,400,24.229999542236328,24.229999542236328,24.229999542236328,24.229999542236328,23.14681625366211
2017-06-29,0,24.6299991607666,24.6299991607666,24.6299991607666,24.6299991607666,23.528934478759766
2017-06-28,400,24.6200008392334,24.6299991607666,24.6299991607666,24.6200008392334,23.528934478759766
2017-06-27,1700,24.6200008392334,24.56999969482422,24.6200008392334,24.566999435424805,23.471616744995117
2017-06-26,600,24.743000030517578,24.743000030517578,24.743000030517578,24.743000030517578,23.636884689331055
2017-06-23,0,24.75,24.75,24.75,24.75,23.643569946289062
2017-06-22,400,24.75,24.75,24.75,24.75,23.643569946289062
2017-06-21,500,24.70599937438965,24.690000534057617,24.70599937438965,24.690000534057617,23.586254119873047
2017-06-20,1200,25.14699935913086,25.134000778198242,25.15999984741211,25.134000778198242,23.678918838500977
2017-06-19,100,25.350000381469727,25.350000381469727,25.350000381469727,25.350000381469727,23.88241195678711
2017-06-16,100,25.139999389648438,25.139999389648438,25.139999389648438,25.139999389648438,23.6845703125
2017-06-15,0,25.200000762939453,25.200000762939453,25.200000762939453,25.200000762939453,23.7410945892334
2017-06-14,100,25.200000762939453,25.200000762939453,25.200000762939453,25.200000762939453,23.7410945892334
2017-06-13,100,25.219999313354492,25.219999313354492,25.219999313354492,25.219999313354492,23.759937286376953
2017-06-12,0,25.139999389648438,25.139999389648438,25.139999389648438,25.139999389648438,23.6845703125
2017-06-09,0,25.139999389648438,25.139999389648438,25.139999389648438,25.139999389648438,23.6845703125
2017-06-08,300,25.100000381469727,25.139999389648438,25.139999389648438,25.100000381469727,23.6845703125
2017-06-07,2100,25.100000381469727,25.100000381469727,25.101999282836914,25.100000381469727,23.646886825561523
2017-06-06,0,25.299999237060547,25.299999237060547,25.299999237060547,25.299999237060547,23.835304260253906
2017-06-05,100,25.299999237060547,25.299999237060547,25.299999237060547,25.299999237060547,23.835304260253906
2017-06-02,100,25.270000457763672,25.270000457763672,25.270000457763672,25.270000457763672,23.807043075561523
2017-06-01,2000,25.200000762939453,25.34000015258789,25.34000015258789,24.93000030517578,23.87299156188965
2017-05-31,200,25.149999618530273,25.149999618530273,25.149999618530273,25.149999618530273,23.693988800048828
2017-05-30,0,25.100000381469727,25.100000381469727,25.100000381469727,25.100000381469727,23.646886825561523
2017-05-26,0,25.100000381469727,25.100000381469727,25.100000381469727,25.100000381469727,23.646886825561523
2017-05-25,0,25.100000381469727,25.100000381469727,25.100000381469727,25.100000381469727,23.646886825561523
2017-05-24,0,25.100000381469727,25.100000381469727,25.100000381469727,25.100000381469727,23.646886825561523
2017-05-23,300,25.100000381469727,25.100000381469727,25.100000381469727,25.100000381469727,23.646886825561523
2017-05-22,0,25.040000915527344,25.040000915527344,25.040000915527344,25.040000915527344,23.59035873413086
2017-05-19,0,25.040000915527344,25.040000915527344,25.040000915527344,25.040000915527344,23.59035873413086
2017-05-18,100,25.040000915527344,25.040000915527344,25.040000915527344,25.040000915527344,23.59035873413086
2017-05-17,2000,25.329999923706055,25.09000015258789,25.329999923706055,25.09000015258789,23.637466430664062
2017-05-16,100,25.309999465942383,25.309999465942383,25.309999465942383,25.309999465942383,23.8447265625
2017-05-15,200,25.260000228881836,25.260000228881836,25.260000228881836,25.260000228881836,23.79762077331543
2017-05-12,0,24.96299934387207,24.96299934387207,24.96299934387207,24.96299934387207,23.5178165435791
2017-05-11,600,24.913999557495117,24.96299934387207,24.96299934387207,24.913999557495117,23.5178165435791
2017-05-10,600,25.09000015258789,25.09000015258789,25.09000015258789,25.09000015258789,23.637466430664062
2017-05-09,0,24.889999389648438,24.889999389648438,24.889999389648438,24.889999389648438,23.44904327392578
2017-05-08,200,24.889999389648438,24.889999389648438,24.889999389648438,24.889999389648438,23.44904327392578
2017-05-05,500,24.84000015258789,24.889999389648438,24.889999389648438,24.84000015258789,23.44904327392578
2017-05-04,300,24.709999084472656,24.760000228881836,24.760000228881836,24.709999084472656,23.326568603515625
2017-05-03,600,24.6299991607666,24.6299991607666,24.6299991607666,24.6299991607666,23.20409393310547
2017-05-02,0,24.440000534057617,24.440000534057617,24.440000534057617,24.440000534057617,23.025094985961914
2017-05-01,0,24.440000534057617,24.440000534057617,24.440000534057617,24.440000534057617,23.025094985961914
2017-04-28,5100,24.440000534057617,24.440000534057617,24.440000534057617,24.440000534057617,23.025094985961914
2017-04-27,500,24.45599937438965,24.5,24.5,24.43899917602539,23.081619262695312
2017-04-26,0,24.649999618530273,24.649999618530273,24.649999618530273,24.649999618530273,23.22293472290039
2017-04-25,1600,24.591999053955078,24.649999618530273,24.649999618530273,24.591999053955078,23.22293472290039
2017-04-24,700,24.60300064086914,24.600000381469727,24.60300064086914,24.600000381469727,23.175832748413086
2017-04-21,0,24.229999542236328,24.229999542236328,24.229999542236328,24.229999542236328,22.827251434326172
2017-04-20,2300,24.18000030517578,24.229999542236328,24.299999237060547,24.18000030517578,22.827251434326172
2017-04-19,0,24.040000915527344,24.040000915527344,24.040000915527344,24.040000915527344,22.648252487182617
2017-04-18,1600,24.290000915527344,24.040000915527344,24.5,24.040000915527344,22.648252487182617
2017-04-17,200,24.469999313354492,24.5,24.5,24.469999313354492,23.081619262695312
2017-04-13,600,24.549999237060547,24.549999237060547,24.549999237060547,24.549999237060547,23.128725051879883
2017-04-12,1900,24.549999237060547,24.639999389648438,24.639999389648438,24.549999237060547,23.213516235351562
2017-04-11,1300,24.600000381469727,24.600000381469727,24.600000381469727,24.600000381469727,23.175832748413086
2017-04-10,200,24.600000381469727,24.614999771118164,24.614999771118164,24.600000381469727,23.189964294433594
2017-04-07,100,24.600000381469727,24.600000381469727,24.600000381469727,24.600000381469727,23.175832748413086
2017-04-06,100,24.600000381469727,24.600000381469727,24.600000381469727,24.600000381469727,23.175832748413086
2017-04-05,0,24.600000381469727,24.600000381469727,24.600000381469727,24.600000381469727,23.175832748413086
2017-04-04,0,24.600000381469727,24.600000381469727,24.600000381469727,24.600000381469727,23.175832748413086
2017-04-03,0,24.600000381469727,24.600000381469727,24.600000381469727,24.600000381469727,23.175832748413086
2017-03-31,0,24.600000381469727,24.600000381469727,24.600000381469727,24.600000381469727,23.175832748413086
2017-03-30,0,24.600000381469727,24.600000381469727,24.600000381469727,24.600000381469727,23.175832748413086
2017-03-29,0,24.600000381469727,24.600000381469727,24.600000381469727,24.600000381469727,23.175832748413086
2017-03-28,2100,24.59000015258789,24.600000381469727,24.6200008392334,24.59000015258789,23.175832748413086
2017-03-27,100,24.209999084472656,24.209999084472656,24.209999084472656,24.209999084472656,22.808412551879883
2017-03-24,0,24.280000686645508,24.280000686645508,24.280000686645508,24.280000686645508,22.874357223510742
2017-03-23,0,24.280000686645508,24.280000686645508,24.280000686645508,24.280000686645508,22.874357223510742
2017-03-22,1500,24.18000030517578,24.280000686645508,24.280000686645508,24.18000030517578,22.874357223510742
2017-03-21,300,24.420000076293945,24.420000076293945,24.420000076293945,24.420000076293945,22.85080337524414
2017-03-20,500,24.482999801635742,24.482999801635742,24.482999801635742,24.482999801635742,22.90975570678711
2017-03-17,0,24.30900001525879,24.30900001525879,24.30900001525879,24.30900001525879,22.746938705444336
2017-03-16,0,24.30900001525879,24.30900001525879,24.30900001525879,24.30900001525879,22.746938705444336
2017-03-15,600,24.30900001525879,24.30900001525879,24.30900001525879,24.30900001525879,22.746938705444336
2017-03-14,8000,24.450000762939453,24.450000762939453,24.450000762939453,24.450000762939453,22.878877639770508
2017-03-13,6500,24.236000061035156,24.450000762939453,24.469999313354492,24.236000061035156,22.878877639770508
2017-03-10,0,24.21500015258789,24.21500015258789,24.21500015258789,24.21500015258789,22.658979415893555
2017-03-09,1300,24.200000762939453,24.21500015258789,24.280000686645508,24.200000762939453,22.658979415893555
2017-03-08,3300,24.229999542236328,24.229999542236328,24.229999542236328,24.229999542236328,22.673011779785156
2017-03-07,900,24.209999084472656,24.211999893188477,24.211999893188477,24.209999084472656,22.656171798706055
2017-03-06,0,24.239999771118164,24.239999771118164,24.239999771118164,24.239999771118164,22.682371139526367
2017-03-03,0,24.239999771118164,24.239999771118164,24.239999771118164,24.239999771118164,22.682371139526367
2017-03-02,500,24.20199966430664,24.239999771118164,24.239999771118164,24.20199966430664,22.682371139526367
2017-03-01,800,24.190000534057617,24.190000534057617,24.190000534057617,24.190000534057617,22.63558578491211
2017-02-28,1400,23.90999984741211,23.915000915527344,23.950000762939453,23.90999984741211,22.378253936767578
2017-02-27,1000,23.8799991607666,23.889999389648438,23.889999389648438,23.8799991607666,22.354862213134766
2017-02-24,600,23.93000030517578,23.93000030517578,23.93000030517578,23.860000610351562,22.392292022705078
2017-02-23,0,24.049999237060547,24.049999237060547,24.049999237060547,24.049999237060547,22.504579544067383
2017-02-22,100,24.049999237060547,24.049999237060547,24.049999237060547,24.049999237060547,22.504579544067383
2017-02-21,0,23.940000534057617,23.940000534057617,23.940000534057617,23.940000534057617,22.40164566040039
2017-02-17,800,23.940000534057617,23.940000534057617,23.940000534057617,23.940000534057617,22.40164566040039
2017-02-16,400,23.799999237060547,23.825000762939453,23.825000762939453,23.799999237060547,22.294038772583008
2017-02-15,0,23.834999084472656,23.834999084472656,23.834999084472656,23.834999084472656,22.303396224975586
2017-02-14,1300,23.610000610351562,23.834999084472656,23.834999084472656,23.610000610351562,22.303396224975586
2017-02-13,2000,23.90999984741211,23.920000076293945,23.920000076293945,23.90999984741211,22.3829345703125
2017-02-10,0,23.290000915527344,23.290000915527344,23.290000915527344,23.290000915527344,21.793415069580078
2017-02-09,0,23.290000915527344,23.290000915527344,23.290000915527344,23.290000915527344,21.793415069580078
2017-02-08,0,23.290000915527344,23.290000915527344,23.290000915527344,23.290000915527344,21.793415069580078
2017-02-07,0,23.290000915527344,23.290000915527344,23.290000915527344,23.290000915527344,21.793415069580078
2017-02-06,600,23.270000457763672,23.290000915527344,23.290000915527344,23.270000457763672,21.793415069580078
2017-02-03,0,23.170000076293945,23.170000076293945,23.170000076293945,23.170000076293945,21.681127548217773
2017-02-02,0,23.170000076293945,23.170000076293945,23.170000076293945,23.170000076293945,21.681127548217773
2017-02-01,0,23.170000076293945,23.170000076293945,23.170000076293945,23.170000076293945,21.681127548217773
2017-01-31,7100,23.259000778198242,23.170000076293945,23.275999069213867,23.170000076293945,21.681127548217773
2017-01-30,200,23.30299949645996,23.30299949645996,23.30299949645996,23.30299949645996,21.805580139160156
2017-01-27,0,23.170000076293945,23.170000076293945,23.170000076293945,23.170000076293945,21.681127548217773
2017-01-26,0,23.170000076293945,23.170000076293945,23.170000076293945,23.170000076293945,21.681127548217773
2017-01-25,0,23.170000076293945,23.170000076293945,23.170000076293945,23.170000076293945,21.681127548217773
2017-01-24,0,23.170000076293945,23.170000076293945,23.170000076293945,23.170000076293945,21.681127548217773
2017-01-23,3400,23.299999237060547,23.170000076293945,23.299999237060547,23.170000076293945,21.681127548217773
2017-01-20,1000,23.329999923706055,23.299999237060547,23.329999923706055,23.299999237060547,21.802772521972656
2017-01-19,300,23.398000717163086,23.371999740600586,23.398000717163086,23.371999740600586,21.870145797729492
2017-01-18,0,23.474000930786133,23.474000930786133,23.474000930786133,23.474000930786133,21.965595245361328
2017-01-17,600,23.43199920654297,23.474000930786133,23.474000930786133,23.43199920654297,21.965595245361328
2017-01-13,4200,23.649999618530273,23.68000030517578,23.690000534057617,23.639999389648438,22.158355712890625
2017-01-12,18100,23.649999618530273,23.628000259399414,23.649999618530273,23.59000015258789,22.109699249267578
2017-01-11,0,23.631999969482422,23.631999969482422,23.631999969482422,23.631999969482422,22.113439559936523
2017-01-10,200,23.610000610351562,23.631999969482422,23.631999969482422,23.610000610351562,22.113439559936523
2017-01-09,0,23.270000457763672,23.270000457763672,23.270000457763672,23.270000457763672,21.774700164794922
2017-01-06,0,23.270000457763672,23.270000457763672,23.270000457763672,23.270000457763672,21.774700164794922
2017-01-05,0,23.270000457763672,23.270000457763672,23.270000457763672,23.270000457763672,21.774700164794922
2017-01-04,0,23.270000457763672,23.270000457763672,23.270000457763672,23.270000457763672,21.774700164794922
2017-01-03,0,23.270000457763672,23.270000457763672,23.270000457763672,23.270000457763672,21.774700164794922
2016-12-30,0,23.270000457763672,23.270000457763672,23.270000457763672,23.270000457763672,21.774700164794922
2016-12-29,0,23.270000457763672,23.270000457763672,23.270000457763672,23.270000457763672,21.774700164794922
2016-12-28,0,23.270000457763672,23.270000457763672,23.270000457763672,23.270000457763672,21.774700164794922
2016-12-27,300,23.43000030517578,23.270000457763672,23.43000030517578,23.270000457763672,21.774700164794922
2016-12-23,0,23.10700035095215,23.10700035095215,23.10700035095215,23.10700035095215,21.622175216674805
2016-12-22,0,23.10700035095215,23.10700035095215,23.10700035095215,23.10700035095215,21.622175216674805
2016-12-21,100,23.10700035095215,23.10700035095215,23.10700035095215,23.10700035095215,21.622175216674805
2016-12-20,0,23.20599937438965,23.20599937438965,23.20599937438965,23.20599937438965,21.588491439819336
2016-12-19,0,23.20599937438965,23.20599937438965,23.20599937438965,23.20599937438965,21.588491439819336
2016-12-16,100,23.20599937438965,23.20599937438965,23.20599937438965,23.20599937438965,21.588491439819336
2016-12-15,0,23.43400001525879,23.43400001525879,23.43400001525879,23.43400001525879,21.80059814453125
2016-12-14,0,23.43400001525879,23.43400001525879,23.43400001525879,23.43400001525879,21.80059814453125
2016-12-13,0,23.43400001525879,23.43400001525879,23.43400001525879,23.43400001525879,21.80059814453125
2016-12-12,0,23.43400001525879,23.43400001525879,23.43400001525879,23.43400001525879,21.80059814453125
2016-12-09,0,23.43400001525879,23.43400001525879,23.43400001525879,23.43400001525879,21.80059814453125
2016-12-08,0,23.43400001525879,23.43400001525879,23.43400001525879,23.43400001525879,20.580976486206055
2016-12-07,0,23.43400001525879,23.43400001525879,23.43400001525879,23.43400001525879,20.580976486206055
2016-12-06,0,23.43400001525879,23.43400001525879,23.43400001525879,23.43400001525879,20.580976486206055
2016-12-05,0,23.43400001525879,23.43400001525879,23.43400001525879,23.43400001525879,20.580976486206055
2016-12-02,400,23.489999771118164,23.43400001525879,23.489999771118164,23.43400001525879,20.580976486206055
2016-12-01,0,23.649999618530273,23.649999618530273,23.649999618530273,23.649999618530273,20.770681381225586
2016-11-30,0,23.649999618530273,23.649999618530273,23.649999618530273,23.649999618530273,20.770681381225586
2016-11-29,0,23.649999618530273,23.649999618530273,23.649999618530273,23.649999618530273,20.770681381225586
2016-11-28,0,23.649999618530273,23.649999618530273,23.649999618530273,23.649999618530273,20.770681381225586
2016-11-25,0,23.649999618530273,23.649999618530273,23.649999618530273,23.649999618530273,20.770681381225586
2016-11-23,900,23.610000610351562,23.649999618530273,23.649999618530273,23.610000610351562,20.770681381225586
2016-11-22,0,23.34000015258789,23.34000015258789,23.34000015258789,23.34000015258789,20.49842071533203
2016-11-21,0,23.34000015258789,23.34000015258789,23.34000015258789,23.34000015258789,20.49842071533203
2016-11-18,0,23.34000015258789,23.34000015258789,23.34000015258789,23.34000015258789,20.49842071533203
2016-11-17,0,23.34000015258789,23.34000015258789,23.34000015258789,23.34000015258789,20.49842071533203
2016-11-16,0,23.34000015258789,23.34000015258789,23.34000015258789,23.34000015258789,20.49842071533203
2016-11-15,0,23.34000015258789,23.34000015258789,23.34000015258789,23.34000015258789,20.49842071533203
2016-11-14,0,23.34000015258789,23.34000015258789,23.34000015258789,23.34000015258789,20.49842071533203
2016-11-11,900,23.350000381469727,23.34000015258789,23.350000381469727,23.34000015258789,20.49842071533203
2016-11-10,0,23.69499969482422,23.69499969482422,23.69499969482422,23.69499969482422,20.810199737548828
2016-11-09,300,23.65999984741211,23.69499969482422,23.69499969482422,23.65999984741211,20.810199737548828
2016-11-08,0,23.0,23.0,23.0,23.0,20.199817657470703
2016-11-07,0,23.0,23.0,23.0,23.0,20.199817657470703
2016-11-04,1400,23.0,23.0,23.0,23.0,20.199817657470703
2016-11-03,0,23.577999114990234,23.577999114990234,23.577999114990234,23.577999114990234,20.707443237304688
2016-11-02,0,23.577999114990234,23.577999114990234,23.577999114990234,23.577999114990234,20.707443237304688
2016-11-01,500,23.59000015258789,23.577999114990234,23.59000015258789,23.577999114990234,20.707443237304688
2016-10-31,0,23.635000228881836,23.635000228881836,23.635000228881836,23.635000228881836,20.757505416870117
2016-10-28,0,23.635000228881836,23.635000228881836,23.635000228881836,23.635000228881836,20.757505416870117
2016-10-27,0,23.635000228881836,23.635000228881836,23.635000228881836,23.635000228881836,20.757505416870117
2016-10-26,0,23.635000228881836,23.635000228881836,23.635000228881836,23.635000228881836,20.757505416870117
2016-10-25,0,23.635000228881836,23.635000228881836,23.635000228881836,23.635000228881836,20.757505416870117
2016-10-24,0,23.635000228881836,23.635000228881836,23.635000228881836,23.635000228881836,20.757505416870117
2016-10-21,0,23.635000228881836,23.635000228881836,23.635000228881836,23.635000228881836,20.757505416870117
2016-10-20,0,23.635000228881836,23.635000228881836,23.635000228881836,23.635000228881836,20.757505416870117
2016-10-19,0,23.635000228881836,23.635000228881836,23.635000228881836,23.635000228881836,20.757505416870117
2016-10-18,0,23.635000228881836,23.635000228881836,23.635000228881836,23.635000228881836,20.757505416870117
2016-10-17,100,23.635000228881836,23.635000228881836,23.635000228881836,23.635000228881836,20.757505416870117
2016-10-14,0,23.93600082397461,23.93600082397461,23.93600082397461,23.93600082397461,21.021860122680664
2016-10-13,0,23.93600082397461,23.93600082397461,23.93600082397461,23.93600082397461,21.021860122680664
2016-10-12,0,23.93600082397461,23.93600082397461,23.93600082397461,23.93600082397461,21.021860122680664
2016-10-11,0,23.93600082397461,23.93600082397461,23.93600082397461,23.93600082397461,21.021860122680664
2016-10-10,3000,23.889999389648438,23.93600082397461,23.93600082397461,23.889999389648438,21.021860122680664
2016-10-07,0,23.201000213623047,23.201000213623047,23.201000213623047,23.201000213623047,20.3763427734375
2016-10-06,0,23.201000213623047,23.201000213623047,23.201000213623047,23.201000213623047,20.3763427734375
2016-10-05,0,23.201000213623047,23.201000213623047,23.201000213623047,23.201000213623047,20.3763427734375
2016-10-04,0,23.201000213623047,23.201000213623047,23.201000213623047,23.201000213623047,20.3763427734375
2016-10-03,0,23.201000213623047,23.201000213623047,23.201000213623047,23.201000213623047,20.3763427734375
2016-09-30,0,23.201000213623047,23.201000213623047,23.201000213623047,23.201000213623047,20.3763427734375
2016-09-29,0,23.201000213623047,23.201000213623047,23.201000213623047,23.201000213623047,20.3763427734375
2016-09-28,0,23.201000213623047,23.201000213623047,23.201000213623047,23.201000213623047,20.3763427734375
2016-09-27,200,23.211000442504883,23.201000213623047,23.211000442504883,23.201000213623047,20.3763427734375
2016-09-26,0,23.218000411987305,23.218000411987305,23.218000411987305,23.218000411987305,20.39127540588379
2016-09-23,0,23.218000411987305,23.218000411987305,23.218000411987305,23.218000411987305,20.39127540588379
2016-09-22,0,23.218000411987305,23.218000411987305,23.218000411987305,23.218000411987305,20.39127540588379
2016-09-21,0,23.218000411987305,23.218000411987305,23.218000411987305,23.218000411987305,20.39127540588379
2016-09-20,0,23.218000411987305,23.218000411987305,23.218000411987305,23.218000411987305,20.36141586303711
2016-09-19,1000,23.209999084472656,23.218000411987305,23.218000411987305,23.200000762939453,20.36141586303711
2016-09-16,0,23.589000701904297,23.589000701904297,23.589000701904297,23.589000701904297,20.686767578125
2016-09-15,0,23.589000701904297,23.589000701904297,23.589000701904297,23.589000701904297,20.686767578125
2016-09-14,0,23.589000701904297,23.589000701904297,23.589000701904297,23.589000701904297,20.686767578125
2016-09-13,0,23.589000701904297,23.589000701904297,23.589000701904297,23.589000701904297,20.686767578125
2016-09-12,0,23.589000701904297,23.589000701904297,23.589000701904297,23.589000701904297,20.686767578125
2016-09-09,0,23.589000701904297,23.589000701904297,23.589000701904297,23.589000701904297,20.686767578125
2016-09-08,0,23.589000701904297,23.589000701904297,23.589000701904297,23.589000701904297,20.686767578125
2016-09-07,0,23.589000701904297,23.589000701904297,23.589000701904297,23.589000701904297,20.686767578125
2016-09-06,0,23.589000701904297,23.589000701904297,23.589000701904297,23.589000701904297,20.686767578125
2016-09-02,700,23.589000701904297,23.589000701904297,23.589000701904297,23.589000701904297,20.686767578125
2016-09-01,0,23.400999069213867,23.400999069213867,23.400999069213867,23.400999069213867,20.521902084350586
2016-08-31,0,23.400999069213867,23.400999069213867,23.400999069213867,23.400999069213867,20.521902084350586
2016-08-30,200,23.400999069213867,23.400999069213867,23.400999069213867,23.400999069213867,20.521902084350586
2016-08-29,1200,23.790000915527344,23.3700008392334,23.790000915527344,23.3700008392334,20.494718551635742
2016-08-26,0,23.40999984741211,23.40999984741211,23.40999984741211,23.40999984741211,20.52979278564453
2016-08-25,0,23.40999984741211,23.40999984741211,23.40999984741211,23.40999984741211,20.52979278564453
2016-08-24,4400,23.40999984741211,23.40999984741211,23.420000076293945,23.40999984741211,20.52979278564453
2016-08-23,100,23.49799919128418,23.49799919128418,23.49799919128418,23.49799919128418,20.606964111328125
2016-08-22,200,23.350000381469727,23.350000381469727,23.350000381469727,23.350000381469727,20.477170944213867
2016-08-19,200,23.5,23.39699935913086,23.5,23.39699935913086,20.51839256286621
2016-08-18,0,23.586000442504883,23.586000442504883,23.586000442504883,23.586000442504883,20.68413734436035
2016-08-17,0,23.586000442504883,23.586000442504883,23.586000442504883,23.586000442504883,20.68413734436035
2016-08-16,600,23.586000442504883,23.586000442504883,23.586000442504883,23.586000442504883,20.68413734436035
2016-08-15,1900,23.979999542236328,23.81999969482422,23.979999542236328,23.780000686645508,20.889347076416016
2016-08-12,0,23.579999923706055,23.579999923706055,23.579999923706055,23.579999923706055,20.678874969482422
2016-08-11,0,23.579999923706055,23.579999923706055,23.579999923706055,23.579999923706055,20.678874969482422
2016-08-10,3700,23.579999923706055,23.579999923706055,23.635000228881836,23.579999923706055,20.678874969482422
2016-08-09,0,23.010000228881836,23.010000228881836,23.010000228881836,23.010000228881836,20.179004669189453
2016-08-08,0,23.010000228881836,23.010000228881836,23.010000228881836,23.010000228881836,20.179004669189453
2016-08-05,0,23.010000228881836,23.010000228881836,23.010000228881836,23.010000228881836,20.179004669189453
2016-08-04,0,23.010000228881836,23.010000228881836,23.010000228881836,23.010000228881836,20.179004669189453
2016-08-03,10600,22.690000534057617,23.010000228881836,23.020000457763672,22.690000534057617,20.179004669189453
2016-08-02,0,22.969999313354492,22.969999313354492,22.969999313354492,22.969999313354492,20.14392852783203
2016-08-01,0,22.969999313354492,22.969999313354492,22.969999313354492,22.969999313354492,20.14392852783203
2016-07-29,0,22.969999313354492,22.969999313354492,22.969999313354492,22.969999313354492,20.14392852783203
2016-07-28,0,22.969999313354492,22.969999313354492,22.969999313354492,22.969999313354492,20.14392852783203
2016-07-27,0,22.969999313354492,22.969999313354492,22.969999313354492,22.969999313354492,20.14392852783203
2016-07-26,0,22.969999313354492,22.969999313354492,22.969999313354492,22.969999313354492,20.14392852783203
2016-07-25,0,22.969999313354492,22.969999313354492,22.969999313354492,22.969999313354492,20.14392852783203
2016-07-22,0,22.969999313354492,22.969999313354492,22.969999313354492,22.969999313354492,20.14392852783203
2016-07-21,0,22.969999313354492,22.969999313354492,22.969999313354492,22.969999313354492,20.14392852783203
2016-07-20,0,22.969999313354492,22.969999313354492,22.969999313354492,22.969999313354492,20.14392852783203
2016-07-19,0,22.969999313354492,22.969999313354492,22.969999313354492,22.969999313354492,20.14392852783203
2016-07-18,0,22.969999313354492,22.969999313354492,22.969999313354492,22.969999313354492,20.14392852783203
2016-07-15,200,22.969999313354492,22.969999313354492,22.969999313354492,22.969999313354492,20.14392852783203
2016-07-14,0,22.959999084472656,22.959999084472656,22.959999084472656,22.959999084472656,20.13515853881836
2016-07-13,100,22.959999084472656,22.959999084472656,22.959999084472656,22.959999084472656,20.13515853881836
2016-07-12,300,22.90999984741211,22.91200065612793,22.91200065612793,22.90999984741211,20.093063354492188
2016-07-11,400,22.709999084472656,22.700000762939453,22.709999084472656,22.700000762939453,19.907146453857422
2016-07-08,200,22.479999542236328,22.479999542236328,22.479999542236328,22.479999542236328,19.71421241760254
2016-07-07,600,22.299999237060547,22.299999237060547,22.299999237060547,22.299999237060547,19.556358337402344
2016-07-06,0,21.75,21.75,21.75,21.75,19.07402801513672
2016-07-05,0,21.75,21.75,21.75,21.75,19.07402801513672
2016-07-01,0,21.75,21.75,21.75,21.75,19.07402801513672
2016-06-30,0,21.75,21.75,21.75,21.75,19.07402801513672
2016-06-29,0,21.75,21.75,21.75,21.75,19.07402801513672
2016-06-28,0,21.75,21.75,21.75,21.75,19.07402801513672
2016-06-27,0,21.75,21.75,21.75,21.75,19.07402801513672
2016-06-24,600,21.75,21.75,21.75,21.75,19.07402801513672
2016-06-23,0,22.190000534057617,22.190000534057617,22.190000534057617,22.190000534057617,19.459896087646484
2016-06-22,1000,22.190000534057617,22.190000534057617,22.190000534057617,22.190000534057617,19.459896087646484
2016-06-21,1000,22.09000015258789,22.09000015258789,22.09000015258789,22.09000015258789,19.372194290161133
2016-06-20,200,22.559999465942383,22.559999465942383,22.559999465942383,22.559999465942383,19.243282318115234
2016-06-17,0,22.049999237060547,22.049999237060547,22.049999237060547,22.049999237060547,18.808258056640625
2016-06-16,0,22.049999237060547,22.049999237060547,22.049999237060547,22.049999237060547,18.808258056640625
2016-06-15,500,22.049999237060547,22.049999237060547,22.049999237060547,22.049999237060547,18.808258056640625
2016-06-14,1900,21.809999465942383,21.75,21.809999465942383,21.729999542236328,18.552364349365234
2016-06-13,0,23.075000762939453,23.075000762939453,23.075000762939453,23.075000762939453,19.682571411132812
2016-06-10,0,23.075000762939453,23.075000762939453,23.075000762939453,23.075000762939453,19.682571411132812
2016-06-09,0,23.075000762939453,23.075000762939453,23.075000762939453,23.075000762939453,19.682571411132812
2016-06-08,0,23.075000762939453,23.075000762939453,23.075000762939453,23.075000762939453,19.682571411132812
2016-06-07,0,23.075000762939453,23.075000762939453,23.075000762939453,23.075000762939453,19.682571411132812
2016-06-06,800,23.079999923706055,23.075000762939453,23.079999923706055,23.075000762939453,19.682571411132812
2016-06-03,500,22.889999389648438,22.889999389648438,22.889999389648438,22.889999389648438,19.524765014648438
2016-06-02,0,23.040000915527344,23.040000915527344,23.040000915527344,23.040000915527344,19.6527156829834
2016-06-01,0,23.040000915527344,23.040000915527344,23.040000915527344,23.040000915527344,19.6527156829834
2016-05-31,0,23.040000915527344,23.040000915527344,23.040000915527344,23.040000915527344,19.6527156829834
2016-05-27,0,23.040000915527344,23.040000915527344,23.040000915527344,23.040000915527344,19.6527156829834
2016-05-26,0,23.040000915527344,23.040000915527344,23.040000915527344,23.040000915527344,19.6527156829834
2016-05-25,0,23.040000915527344,23.040000915527344,23.040000915527344,23.040000915527344,19.6527156829834
2016-05-24,100,23.040000915527344,23.040000915527344,23.040000915527344,23.040000915527344,19.6527156829834
2016-05-23,0,22.770000457763672,22.770000457763672,22.770000457763672,22.770000457763672,19.422407150268555
2016-05-20,0,22.770000457763672,22.770000457763672,22.770000457763672,22.770000457763672,19.422407150268555
2016-05-19,0,22.770000457763672,22.770000457763672,22.770000457763672,22.770000457763672,19.422407150268555
2016-05-18,0,22.770000457763672,22.770000457763672,22.770000457763672,22.770000457763672,19.422407150268555
2016-05-17,0,22.770000457763672,22.770000457763672,22.770000457763672,22.770000457763672,19.422407150268555
2016-05-16,0,22.770000457763672,22.770000457763672,22.770000457763672,22.770000457763672,19.422407150268555
2016-05-13,0,22.770000457763672,22.770000457763672,22.770000457763672,22.770000457763672,19.422407150268555
2016-05-12,0,22.770000457763672,22.770000457763672,22.770000457763672,22.770000457763672,19.422407150268555
2016-05-11,100,22.770000457763672,22.770000457763672,22.770000457763672,22.770000457763672,19.422407150268555
2016-05-10,0,22.690000534057617,22.690000534057617,22.690000534057617,22.690000534057617,19.354167938232422
2016-05-09,0,22.690000534057617,22.690000534057617,22.690000534057617,22.690000534057617,19.354167938232422
2016-05-06,5500,22.579999923706055,22.690000534057617,22.690000534057617,22.56999969482422,19.354167938232422
2016-05-05,0,22.649999618530273,22.649999618530273,22.649999618530273,22.649999618530273,19.320051193237305
2016-05-04,700,22.649999618530273,22.649999618530273,22.649999618530273,22.6200008392334,19.320051193237305
2016-05-03,2900,23.0,23.0,23.0,23.0,19.61859130859375
2016-05-02,0,23.599000930786133,23.599000930786133,23.599000930786133,23.599000930786133,20.129531860351562
2016-04-29,0,23.599000930786133,23.599000930786133,23.599000930786133,23.599000930786133,20.129531860351562
2016-04-28,0,23.599000930786133,23.599000930786133,23.599000930786133,23.599000930786133,20.129531860351562
2016-04-27,0,23.599000930786133,23.599000930786133,23.599000930786133,23.599000930786133,20.129531860351562
2016-04-26,0,23.599000930786133,23.599000930786133,23.599000930786133,23.599000930786133,20.129531860351562
2016-04-25,0,23.599000930786133,23.599000930786133,23.599000930786133,23.599000930786133,20.129531860351562
2016-04-22,0,23.599000930786133,23.599000930786133,23.599000930786133,23.599000930786133,20.129531860351562
2016-04-21,0,23.599000930786133,23.599000930786133,23.599000930786133,23.599000930786133,20.129531860351562
2016-04-20,500,23.600000381469727,23.599000930786133,23.600000381469727,23.59000015258789,20.129531860351562
2016-04-19,0,23.288999557495117,23.288999557495117,23.288999557495117,23.288999557495117,19.86510467529297
2016-04-18,600,23.280000686645508,23.288999557495117,23.288999557495117,23.280000686645508,19.86510467529297
2016-04-15,100,23.200000762939453,23.200000762939453,23.200000762939453,23.200000762939453,19.7891902923584
2016-04-14,0,22.540000915527344,22.540000915527344,22.540000915527344,22.540000915527344,19.22622299194336
2016-04-13,0,22.540000915527344,22.540000915527344,22.540000915527344,22.540000915527344,19.22622299194336
2016-04-12,0,22.540000915527344,22.540000915527344,22.540000915527344,22.540000915527344,19.22622299194336
2016-04-11,0,22.540000915527344,22.540000915527344,22.540000915527344,22.540000915527344,19.22622299194336
2016-04-08,0,22.540000915527344,22.540000915527344,22.540000915527344,22.540000915527344,19.22622299194336
2016-04-07,0,22.540000915527344,22.540000915527344,22.540000915527344,22.540000915527344,19.22622299194336
2016-04-06,0,22.540000915527344,22.540000915527344,22.540000915527344,22.540000915527344,19.22622299194336
2016-04-05,0,22.540000915527344,22.540000915527344,22.540000915527344,22.540000915527344,19.22622299194336
2016-04-04,0,22.540000915527344,22.540000915527344,22.540000915527344,22.540000915527344,19.22622299194336
2016-04-01,0,22.540000915527344,22.540000915527344,22.540000915527344,22.540000915527344,19.22622299194336
2016-03-31,1000,22.510000228881836,22.540000915527344,22.540000915527344,22.510000228881836,19.22622299194336
2016-03-30,0,22.489999771118164,22.489999771118164,22.489999771118164,22.489999771118164,19.18357276916504
2016-03-29,0,22.489999771118164,22.489999771118164,22.489999771118164,22.489999771118164,19.18357276916504
2016-03-28,0,22.489999771118164,22.489999771118164,22.489999771118164,22.489999771118164,19.18357276916504
2016-03-24,0,22.489999771118164,22.489999771118164,22.489999771118164,22.489999771118164,19.18357276916504
2016-03-23,0,22.489999771118164,22.489999771118164,22.489999771118164,22.489999771118164,19.18357276916504
2016-03-22,1800,22.510000228881836,22.489999771118164,22.510000228881836,22.489999771118164,19.18357276916504
2016-03-21,0,22.549999237060547,22.549999237060547,22.549999237060547,22.549999237060547,19.234752655029297
2016-03-18,0,22.549999237060547,22.549999237060547,22.549999237060547,22.549999237060547,19.234752655029297
2016-03-17,0,22.549999237060547,22.549999237060547,22.549999237060547,22.549999237060547,19.234752655029297
2016-03-16,0,22.549999237060547,22.549999237060547,22.549999237060547,22.549999237060547,19.234752655029297
2016-03-15,0,22.549999237060547,22.549999237060547,22.549999237060547,22.549999237060547,19.234752655029297
2016-03-14,0,22.549999237060547,22.549999237060547,22.549999237060547,22.549999237060547,19.234752655029297
2016-03-11,0,22.549999237060547,22.549999237060547,22.549999237060547,22.549999237060547,19.234752655029297
2016-03-10,0,22.549999237060547,22.549999237060547,22.549999237060547,22.549999237060547,19.234752655029297
2016-03-09,0,22.549999237060547,22.549999237060547,22.549999237060547,22.549999237060547,19.234752655029297
2016-03-08,0,22.549999237060547,22.549999237060547,22.549999237060547,22.549999237060547,19.234752655029297
2016-03-07,0,22.549999237060547,22.549999237060547,22.549999237060547,22.549999237060547,19.234752655029297
2016-03-04,1200,22.549999237060547,22.549999237060547,22.549999237060547,22.549999237060547,19.234752655029297
2016-03-03,0,22.139999389648438,22.139999389648438,22.139999389648438,22.139999389648438,18.88503074645996
2016-03-02,100,22.139999389648438,22.139999389648438,22.139999389648438,22.139999389648438,18.88503074645996
2016-03-01,0,21.8799991607666,21.8799991607666,21.8799991607666,21.8799991607666,18.663253784179688
2016-02-29,0,21.8799991607666,21.8799991607666,21.8799991607666,21.8799991607666,18.663253784179688
2016-02-26,100,21.8799991607666,21.8799991607666,21.8799991607666,21.8799991607666,18.663253784179688
2016-02-25,0,20.5,20.5,20.5,20.5,17.486135482788086
2016-02-24,0,20.5,20.5,20.5,20.5,17.486135482788086
2016-02-23,0,20.5,20.5,20.5,20.5,17.486135482788086
2016-02-22,0,20.5,20.5,20.5,20.5,17.486135482788086
2016-02-19,0,20.5,20.5,20.5,20.5,17.486135482788086
2016-02-18,0,20.5,20.5,20.5,20.5,17.486135482788086
2016-02-17,0,20.5,20.5,20.5,20.5,17.486135482788086
2016-02-16,0,20.5,20.5,20.5,20.5,17.486135482788086
2016-02-12,0,20.5,20.5,20.5,20.5,17.486135482788086
2016-02-11,0,20.5,20.5,20.5,20.5,17.486135482788086
2016-02-10,0,20.5,20.5,20.5,20.5,17.486135482788086
2016-02-09,200,20.68000030517578,20.5,20.68000030517578,20.5,17.486135482788086
2016-02-08,0,21.979999542236328,21.979999542236328,21.979999542236328,21.979999542236328,18.748550415039062
2016-02-05,0,21.979999542236328,21.979999542236328,21.979999542236328,21.979999542236328,18.748550415039062
2016-02-04,0,21.979999542236328,21.979999542236328,21.979999542236328,21.979999542236328,18.748550415039062
2016-02-03,0,21.979999542236328,21.979999542236328,21.979999542236328,21.979999542236328,18.748550415039062
2016-02-02,0,21.979999542236328,21.979999542236328,21.979999542236328,21.979999542236328,18.748550415039062
2016-02-01,100,21.979999542236328,21.979999542236328,21.979999542236328,21.979999542236328,18.748550415039062
2016-01-29,0,21.489999771118164,21.489999771118164,21.489999771118164,21.489999771118164,18.330589294433594
2016-01-28,0,21.489999771118164,21.489999771118164,21.489999771118164,21.489999771118164,18.330589294433594
2016-01-27,100,21.489999771118164,21.489999771118164,21.489999771118164,21.489999771118164,18.330589294433594
2016-01-26,0,20.709999084472656,20.709999084472656,20.709999084472656,20.709999084472656,17.66526222229004
2016-01-25,0,20.709999084472656,20.709999084472656,20.709999084472656,20.709999084472656,17.66526222229004
2016-01-22,0,20.709999084472656,20.709999084472656,20.709999084472656,20.709999084472656,17.66526222229004
2016-01-21,0,20.709999084472656,20.709999084472656,20.709999084472656,20.709999084472656,17.66526222229004
2016-01-20,2500,20.82200050354004,20.709999084472656,20.82200050354004,20.709999084472656,17.66526222229004
2016-01-19,0,21.006999969482422,21.006999969482422,21.006999969482422,21.006999969482422,17.918601989746094
2016-01-15,6300,21.190000534057617,21.006999969482422,21.190000534057617,20.780000686645508,17.918601989746094
2016-01-14,0,21.399999618530273,21.399999618530273,21.399999618530273,21.399999618530273,18.253822326660156
2016-01-13,0,21.399999618530273,21.399999618530273,21.399999618530273,21.399999618530273,18.253822326660156
2016-01-12,0,21.399999618530273,21.399999618530273,21.399999618530273,21.399999618530273,18.253822326660156
2016-01-11,0,21.399999618530273,21.399999618530273,21.399999618530273,21.399999618530273,18.253822326660156
2016-01-08,7600,22.06999969482422,21.399999618530273,22.06999969482422,21.399999618530273,18.253822326660156
2016-01-07,0,22.299999237060547,22.299999237060547,22.299999237060547,22.299999237060547,19.02150535583496
2016-01-06,1800,22.299999237060547,22.299999237060547,22.299999237060547,22.298999786376953,19.02150535583496
2016-01-05,0,22.549999237060547,22.549999237060547,22.549999237060547,22.549999237060547,19.234752655029297
2016-01-04,5800,22.75,22.549999237060547,22.75,22.459999084472656,19.234752655029297
2015-12-31,300,22.8799991607666,22.979999542236328,22.979999542236328,22.8700008392334,19.601531982421875
2015-12-30,1100,23.020000457763672,23.020000457763672,23.020000457763672,23.011999130249023,19.63565444946289
2015-12-29,200,23.139999389648438,23.200000762939453,23.200000762939453,23.139999389648438,19.7891902923584
2015-12-28,1100,22.799999237060547,22.809999465942383,22.81999969482422,22.790000915527344,19.456525802612305
2015-12-24,0,22.389999389648438,22.389999389648438,22.389999389648438,22.389999389648438,19.098276138305664
2015-12-23,0,22.389999389648438,22.389999389648438,22.389999389648438,22.389999389648438,19.098276138305664
2015-12-22,500,22.3799991607666,22.389999389648438,22.389999389648438,22.3799991607666,19.098276138305664
2015-12-21,0,22.6200008392334,22.6200008392334,22.6200008392334,22.6200008392334,19.29446029663086
2015-12-18,0,22.6200008392334,22.6200008392334,22.6200008392334,22.6200008392334,19.29446029663086
2015-12-17,1100,22.7189998626709,22.6200008392334,22.7189998626709,22.6200008392334,19.29446029663086
2015-12-16,3100,22.5,22.700000762939453,22.700000762939453,22.489999771118164,19.362701416015625
2015-12-15,25000,22.299999237060547,22.6200008392334,22.6200008392334,22.299999237060547,18.968626022338867
2015-12-14,6200,22.239999771118164,22.200000762939453,22.239999771118164,22.0,18.616418838500977
2015-12-11,0,22.959999084472656,22.959999084472656,22.959999084472656,22.959999084472656,19.253738403320312
2015-12-10,0,22.959999084472656,22.959999084472656,22.959999084472656,22.959999084472656,19.253738403320312
2015-12-09,2600,23.0,22.959999084472656,23.010000228881836,22.940000534057617,19.253738403320312
2015-12-08,900,23.110000610351562,23.1299991607666,23.18000030517578,23.059999465942383,19.39629364013672
2015-12-07,0,23.426000595092773,23.426000595092773,23.426000595092773,23.426000595092773,19.644514083862305
2015-12-04,600,23.420000076293945,23.426000595092773,23.426000595092773,23.420000076293945,19.644514083862305
2015-12-03,2100,23.899999618530273,23.75,23.899999618530273,23.75,19.916215896606445
2015-12-02,1300,24.170000076293945,23.959999084472656,24.190000534057617,23.950000762939453,20.092313766479492
2015-12-01,2400,24.040000915527344,24.139999389648438,24.149999618530273,24.040000915527344,20.24325942993164
2015-11-30,9200,23.780000686645508,24.1299991607666,24.170000076293945,23.780000686645508,20.23487091064453
2015-11-27,100,24.209999084472656,24.209999084472656,24.209999084472656,24.209999084472656,20.301959991455078
2015-11-25,0,23.899999618530273,23.899999618530273,23.899999618530273,23.899999618530273,20.04199981689453
2015-11-24,100,23.899999618530273,23.899999618530273,23.899999618530273,23.899999618530273,20.04199981689453
2015-11-23,800,24.139999389648438,24.110000610351562,24.18000030517578,24.110000610351562,20.21809959411621
2015-11-20,0,24.047000885009766,24.047000885009766,24.047000885009766,24.047000885009766,20.16527557373047
2015-11-19,0,24.047000885009766,24.047000885009766,24.047000885009766,24.047000885009766,20.16527557373047
2015-11-18,100,24.047000885009766,24.047000885009766,24.047000885009766,24.047000885009766,20.16527557373047
2015-11-17,900,23.920000076293945,23.920000076293945,23.920000076293945,23.920000076293945,20.058773040771484
2015-11-16,0,23.360000610351562,23.360000610351562,23.360000610351562,23.360000610351562,19.58917236328125
2015-11-13,6200,23.459999084472656,23.360000610351562,23.459999084472656,23.309999465942383,19.58917236328125
2015-11-12,3800,23.75,23.5,23.75,23.5,19.70656967163086
2015-11-11,0,23.790000915527344,23.790000915527344,23.790000915527344,23.790000915527344,19.949756622314453
2015-11-10,0,23.790000915527344,23.790000915527344,23.790000915527344,23.790000915527344,19.949756622314453
2015-11-09,5200,24.049999237060547,23.790000915527344,24.049999237060547,23.75,19.949756622314453
2015-11-06,700,24.149999618530273,24.149999618530273,24.149999618530273,24.149999618530273,20.251644134521484
2015-11-05,1200,24.149999618530273,24.149999618530273,24.149999618530273,24.149999618530273,20.251644134521484
2015-11-04,0,24.059999465942383,24.059999465942383,24.059999465942383,24.059999465942383,20.17617416381836
2015-11-03,0,24.059999465942383,24.059999465942383,24.059999465942383,24.059999465942383,20.17617416381836
2015-11-02,0,24.059999465942383,24.059999465942383,24.059999465942383,24.059999465942383,20.17617416381836
2015-10-30,0,24.059999465942383,24.059999465942383,24.059999465942383,24.059999465942383,20.17617416381836
2015-10-29,300,24.209999084472656,24.059999465942383,24.209999084472656,24.059999465942383,20.17617416381836
2015-10-28,500,24.299999237060547,24.299999237060547,24.299999237060547,24.299999237060547,20.377429962158203
2015-10-27,1000,24.110000610351562,24.139999389648438,24.170000076293945,24.110000610351562,20.24325942993164
2015-10-26,1700,24.329999923706055,24.266000747680664,24.329999923706055,24.266000747680664,20.348922729492188
2015-09-30,300,22.70199966430664,22.70199966430664,22.70199966430664,22.70199966430664,19.037384033203125
2015-09-29,300,22.23200035095215,22.23200035095215,22.23200035095215,22.23200035095215,18.643251419067383
2015-09-28,0,22.56999969482422,22.56999969482422,22.56999969482422,22.56999969482422,18.92669105529785
2015-09-25,0,22.56999969482422,22.56999969482422,22.56999969482422,22.56999969482422,18.92669105529785
2015-09-24,1000,22.56999969482422,22.56999969482422,22.56999969482422,22.56999969482422,18.92669105529785
2015-09-23,0,22.979999542236328,22.979999542236328,22.979999542236328,22.979999542236328,19.2705078125
2015-09-22,0,22.979999542236328,22.979999542236328,22.979999542236328,22.979999542236328,19.2705078125
2015-09-18,600,22.979999542236328,22.979999542236328,22.979999542236328,22.979999542236328,19.2705078125
2015-09-17,500,23.360000610351562,23.364999771118164,23.3700008392334,23.360000610351562,19.593360900878906
2015-09-15,0,23.139999389648438,23.139999389648438,23.139999389648438,23.139999389648438,19.404680252075195
2015-09-09,500,23.638999938964844,23.638999938964844,23.638999938964844,23.638999938964844,19.82313346862793
2015-09-08,68000,23.350000381469727,23.350000381469727,23.43000030517578,23.350000381469727,19.580780029296875
2015-09-04,0,22.760000228881836,22.760000228881836,22.760000228881836,22.760000228881836,19.08601951599121
2015-08-31,300,23.350000381469727,23.34000015258789,23.360000610351562,23.34000015258789,19.572399139404297
2015-08-28,100,23.5,23.5,23.5,23.5,19.70656967163086
2015-08-27,500,23.530000686645508,23.219999313354492,23.530000686645508,23.219999313354492,19.47176742553711
2015-08-26,0,24.100000381469727,24.100000381469727,24.100000381469727,24.100000381469727,20.209718704223633
2015-08-25,1100,23.34000015258789,24.100000381469727,24.100000381469727,23.0,20.209718704223633
2015-08-24,500,22.239999771118164,22.239999771118164,22.239999771118164,22.239999771118164,18.649959564208984
2015-08-21,3100,23.59000015258789,23.0,23.59000015258789,23.0,19.287281036376953
2015-08-20,0,24.559999465942383,24.559999465942383,24.559999465942383,24.559999465942383,20.595460891723633
2015-08-19,0,24.559999465942383,24.559999465942383,24.559999465942383,24.559999465942383,20.595460891723633
2015-08-18,600,24.6200008392334,24.559999465942383,24.6200008392334,24.559999465942383,20.595460891723633
